游戏日,场次,截图,队内熟人数,玩家,英雄,参考链接,时长分钟,己方总击杀,击杀,死亡,助攻,输出显示值,真实承伤显示值,输出占比%,真实承伤占比%,输出倍率,承伤倍率,本场输出环境系数,本场承伤环境系数,调整后输出倍率,调整后承伤倍率,参团倍率,输出权重,输出分O,承伤分T,参团分,死亡分,单局综合分,原公式试算分_v2.1,是否纳入通用均分,处理理由,敏感性_0.6_0.8,敏感性_0.6_1.0,敏感性_0.6_1.2,敏感性_0.7_0.8,敏感性_0.7_1.0,敏感性_0.7_1.2,敏感性_0.8_0.8,敏感性_0.8_1.0,敏感性_0.8_1.2
2026-09-23,M01,2026-09-23/M01_2A8F7707AE0992A333333429A0E3DB70.png,5,丨云胡丨不喜丨#24728,monkeyking,https://aramkit.com/zh-CN/champions/monkeyking,15.85,54,24,9,23,64000.0,253000.0,26,62,1.8559348827431539,2.2400713518678517,1.1258011718587932,1.0,1.6485458792682264,2.2400713518678517,1.3308415449088231,0.3480368137094675,59.954755439298474,71.72579172969976,57.097040672530234,55.58415113549592,64.31814968364664,64.31814968364664,是,,63.60944101972347,63.26494997438666,62.96529615435208,64.72005590320624,64.31814968364664,63.96855356027296,65.83067078668901,65.37134939290661,64.97181096619383
2026-09-23,M01,2026-09-23/M01_2A8F7707AE0992A333333429A0E3DB70.png,5,羊村头目慢羊羊#24440,jinx,https://aramkit.com/zh-CN/champions/jinx,15.85,54,11,9,24,42000.0,27000.0,17,7,1.1258011718587932,0.6893808338806814,1.1258011718587932,1.0,1.0,0.6893808338806814,0.9835328499971898,0.6248261164784459,48.37837837837838,34.85439978712785,49.58490352194486,53.786390426861935,45.608794113820764,45.608794113820764,是,,45.80206838263941,46.23683098505159,46.575003569273015,45.10157107767321,45.608794113820764,46.00332879541242,44.401073772707015,44.98075724258994,45.43165402155183
2026-09-23,M01,2026-09-23/M01_2A8F7707AE0992A333333429A0E3DB70.png,5,划水打野#51907,karthus,https://aramkit.com/zh-CN/champions/karthus,15.85,54,6,14,40,65000.0,44000.0,27,11,1.1920484752990468,0.8877899825354453,1.1258011718587932,1.0,1.0588445856126385,0.8877899825354453,1.1252996721953128,0.6579589376706859,53.836164311021896,42.410351868903874,52.94781187412233,51.045417021102956,50.643751176675806,50.643751176675806,是,,50.59040416386545,50.94572563555361,51.21840708082271,50.22920945970629,50.643751176675806,50.96187952948976,49.868014755547144,50.34177671779802,50.70535197815682
2026-09-23,M01,2026-09-23/M01_2A8F7707AE0992A333333429A0E3DB70.png,5,Premieresape丶Li#45121,azir,https://aramkit.com/zh-CN/champions/azir,15.85,54,4,11,28,37000.0,35000.0,15,9,0.9568964563587347,0.7062522923310625,1.1258011718587932,1.0,0.849969319874501,0.7062522923310625,0.9466335344929594,0.5770206241162615,44.70988684685769,37.249005182179786,48.62926265880493,49.56669228526753,43.7703832040406,43.7703832040406,是,,44.2308779058925,44.477900692242116,44.67380756851816,43.4821899532994,43.7703832040406,43.998941226362646,42.73350200070628,43.06286571583908,43.324074884207135
2026-09-23,M01,2026-09-23/M01_2A8F7707AE0992A333333429A0E3DB70.png,5,东冬咚胨#49567,talon,https://aramkit.com/zh-CN/champions/talon,15.85,54,9,11,28,38000.0,48000,15,12,0.8257694929040752,0.7266599510323305,1.1258011718587932,1.0,0.7334949665584907,0.7266599510323305,1.0606581814012157,0.5491496445277724,42.53070010895583,40.250830098811655,51.471815703077176,53.5472972972973,44.70106680346146,44.70106680346146,是,,45.621873951023744,45.697966383324,45.75899844247675,44.612292299111175,44.70106680346146,44.772270872473,43.602710647198606,43.70416722359893,43.785543302469264
2026-09-23,M02,2026-09-23/M02_1A69534EB3098B0D03086B719B06F182.png,5,丨云胡丨不喜丨#24728,nasus,https://aramkit.com/zh-CN/champions/nasus,17.333333333333332,56,10,15,31,32000.0,69000.0,18,21,0.8478467080207673,0.5314914099369313,1.0,1.0,0.8478467080207673,0.5314914099369313,1.0830515638207947,0.33700358424099525,46.47714254162017,41.31030795531326,51.99350715227757,42.12076583210604,44.74686282472143,44.74686282472143,是,,45.49251411791646,45.64105856694129,45.77084342139202,44.57356096752579,44.74686282472143,44.898278488247286,43.65460781713514,43.85266708250158,44.025713555102556
2026-09-23,M02,2026-09-23/M02_1A69534EB3098B0D03086B719B06F182.png,5,羊村头目慢羊羊#24440,caitlyn,https://aramkit.com/zh-CN/champions/caitlyn,17.333333333333332,56,11,12,30,46000.0,43000.0,26,13,1.0173400354880113,0.9289058415719601,1.0,1.0,1.0173400354880113,0.9289058415719601,1.154799459215863,0.6306972923314754,52.866560491759316,44.651858357133314,53.59196904737007,47.184531886024416,50.319841123602515,50.319841123602515,是,,50.43300819250763,50.69575315326438,50.89963771832956,50.01330533605299,50.319841123602515,50.5577064495119,49.593602479598346,49.94392909394067,50.215775180694244
2026-09-23,M02,2026-09-23/M02_1A69534EB3098B0D03086B719B06F182.png,5,划水打野#51907,veigar,https://aramkit.com/zh-CN/champions/veigar,17.333333333333332,56,10,9,32,31000.0,70000.0,17,21,0.8845531091559957,1.4551164718949952,1.0,1.0,0.8845531091559957,1.4551164718949952,1.1755485893416928,0.5601961186157166,46.54059163281342,56.04904578582182,54.03458213256484,51.32536250317985,51.445165349520664,51.445165349520664,是,,52.09296841487557,51.77637889525005,51.52358288804933,51.814519789083775,51.445165349520664,51.15023667445316,51.53607116329198,51.11395180379129,50.776890460857
2026-09-23,M02,2026-09-23/M02_1A69534EB3098B0D03086B719B06F182.png,5,Premieresape丶Li#45121,aurora,https://aramkit.com/zh-CN/champions/aurora,17.333333333333332,56,18,11,27,48000.0,52000.0,26,15,0.9615192741327677,1.0777330442861566,1.0,1.0,0.9615192741327677,1.0777330442861566,1.210197934595525,0.6439993502580005,52.020161146680785,48.26523007473969,54.755183490703786,48.01738185768605,51.2311571556427,51.2311571556427,是,,51.51975789484748,51.638335180179745,51.72985232961535,51.09281698942172,51.2311571556427,51.33792716331757,50.66587608399596,50.82397913110565,50.94600199701979
2026-09-23,M02,2026-09-23/M02_1A69534EB3098B0D03086B719B06F182.png,5,东冬咚胨#49567,jarvaniv,https://aramkit.com/zh-CN/champions/jarvaniv,17.333333333333332,56,7,13,42,23000.0,104000.0,13,31,0.5848742836641488,0.8172009504148328,1.0,1.0,0.5848742836641488,0.8172009504148328,1.061893203883495,0.3507597804890536,37.89968341971597,51.295913130862274,51.500882872277806,50.91249415067851,48.00936416612317,48.00936416612317,是,,48.89344848713753,48.499746999550986,48.157662348835956,48.46868256830747,48.00936416612317,47.61026540695564,48.04391664947741,47.518981332695354,47.062868465075326
2026-09-23,M03,2026-09-23/M03_C92B6468A84F4D2E8D7497A4204D0A94.png,5,丨云胡丨不喜丨#24728,nunu,https://aramkit.com/zh-CN/champions/nunu,18.666666666666668,52,11,13,27,47000,180000.0,23,26,1.204001017882881,1.275481418673854,1.0,1.0028073482853659,1.204001017882881,1.2719107222884989,1.0107458240238323,0.325978989749043,54.172130919807984,56.199207193242785,50.267209905285995,49.284472876529975,53.85878531094918,53.85878531094918,是,,53.38883737084107,53.33166400972935,53.28148929225916,53.925487565579516,53.85878531094918,53.80024814056729,54.46213776031796,54.38590661216901,54.319006988875415
2026-09-23,M03,2026-09-23/M03_C92B6468A84F4D2E8D7497A4204D0A94.png,5,羊村头目慢羊羊#24440,velkoz,https://aramkit.com/zh-CN/champions/velkoz,18.666666666666668,52,9,11,30,35000.0,39000.0,17,6,0.7552230378317333,0.9813244988260791,1.0,1.0028073482853659,0.7552230378317333,0.9785772915445634,1.1160714285714286,0.6709276965836504,44.194688495798346,38.90594934306022,52.74261603375527,46.67935127299084,44.93447597849714,44.93447597849714,是,,45.801470313023366,45.96330648980881,46.0868489766994,44.745667105580786,44.93447597849714,45.0786088798695,43.68986389813821,43.90564546718547,44.07036878303959
2026-09-23,M03,2026-09-23/M03_C92B6468A84F4D2E8D7497A4204D0A94.png,5,划水打野#51907,varus,https://aramkit.com/zh-CN/champions/varus,18.666666666666668,52,13,11,18,48000,45000.0,24,7,1.0329644959680742,1.0028073482853659,1.0,1.0028073482853659,1.0329644959680742,1.0,0.8991762385427545,0.6441945112735482,52.30463147384651,40.370370370370374,47.34559227808663,51.29770992366414,48.239738556518304,48.239738556518304,是,,47.791664733200804,48.16846219739347,48.459248856037206,47.8001415149602,48.239738556518304,48.57898965826935,47.8086182967196,48.311014915643156,48.69873046050148
2026-09-23,M03,2026-09-23/M03_C92B6468A84F4D2E8D7497A4204D0A94.png,5,Premieresape丶Li#45121,shen,https://aramkit.com/zh-CN/champions/shen,18.666666666666668,52,13,10,28,40000.0,207000.0,20,30,0.932030730485717,0.9480697404721116,1.0,1.0028073482853659,0.932030730485717,0.9454156295256048,1.061186458225489,0.2557703544084415,48.944593347686634,53.158261561499245,51.48425335275504,53.666256374186744,52.11984741233465,52.11984741233465,是,,52.161658287789805,52.06021973270087,51.96865412617562,52.23819239327173,52.11984741233465,52.01302087138852,52.31472649875367,52.17947509196843,52.05738761660142
2026-09-23,M03,2026-09-23/M03_C92B6468A84F4D2E8D7497A4204D0A94.png,5,东冬咚胨#49567,skarner,https://aramkit.com/zh-CN/champions/skarner,18.666666666666668,52,6,10,32,32000.0,215000.0,16,31,0.6743784900548664,1.0377798941247809,1.0,1.0028073482853659,0.6743784900548664,1.0348746405769884,1.0395010395010396,0.285947707603913,41.94358595294497,54.82787962846427,50.96839959225281,54.273127753303974,51.421544465278714,51.421544465278714,是,,51.73885739816735,51.404019885718604,51.10540899691458,51.812188229802246,51.421544465278714,51.073165095007354,51.885519061437144,51.439069044838824,51.040921193100125
2026-09-23,M04,2026-09-23/M04_7A2D50501EAC7BE75D527D235BC76BAC.png,5,丨云胡丨不喜丨#24728,heimerdinger,https://aramkit.com/zh-CN/champions/heimerdinger,14.45,39,3,9,16,16000.0,25000.0,14,13,0.4499864725678532,0.7509203463152943,1.0,1.0,0.4499864725678532,0.7509203463152943,0.7460635331998272,0.6512418456246581,35.09089184837334,41.48988326872761,42.728315379944675,45.58359621451105,39.22983729763986,39.22983729763986,是,,39.97093260605451,39.77040960703435,39.61610263328417,39.46378079649671,39.22983729763986,39.04981249493132,38.95662898693891,38.68926498824536,38.48352235657846
2026-09-23,M04,2026-09-23/M04_7A2D50501EAC7BE75D527D235BC76BAC.png,5,羊村头目慢羊羊#24440,senna,https://aramkit.com/zh-CN/champions/senna,14.45,39,4,9,26,19000.0,27000.0,16,14,0.6291776301383658,0.7321481382068373,1.0,1.0,0.6291776301383658,0.7321481382068373,0.9861932938856016,0.5887689869303214,40.94938111307265,41.83151858729421,49.65243296921549,46.94892882526144,43.5438798565537,43.5438798565537,是,,44.406959640806576,44.3779088134489,44.354978914056886,43.577772488471,43.5438798565537,43.51712830726301,42.748585336135406,42.709850899658505,42.67927770046914
2026-09-23,M04,2026-09-23/M04_7A2D50501EAC7BE75D527D235BC76BAC.png,5,划水打野#51907,udyr,https://aramkit.com/zh-CN/champions/udyr,14.45,39,11,13,5,22000.0,47000,19,25,0.5011014791934244,0.7074356897768881,1.0,1.0,0.5011014791934244,0.7074356897768881,0.6512006512006512,0.5360474362619498,39.51653071249481,47.0818064752372,39.43800838057678,48.292168685958664,42.835340403314355,42.835340403314355,是,,42.729386186493045,42.476495261571586,42.27257845889847,43.13037981572272,42.835340403314355,42.59743746686239,43.53137344495239,43.194185545057124,42.922296474826304
2026-09-23,M04,2026-09-23/M04_7A2D50501EAC7BE75D527D235BC76BAC.png,5,Premieresape丶Li#45121,zed,https://aramkit.com/zh-CN/champions/zed,14.45,39,10,10,14,34000.0,55000.0,29,29,0.8643183700770856,1.038214082476184,1.0,1.0,0.8643183700770856,1.038214082476184,0.9540846750149076,0.5648945941832698,51.490125081857855,54.23593359803705,48.82514494964907,51.02150512721898,51.74656835006124,51.74656835006124,是,,51.45190054716441,51.36059872396764,51.28783306726604,51.85308714379081,51.74656835006124,51.66167508390937,52.254273740417204,52.132537976154836,52.03551710055271
2026-09-23,M04,2026-09-23/M04_7A2D50501EAC7BE75D527D235BC76BAC.png,5,东冬咚胨#49567,aurora,https://aramkit.com/zh-CN/champions/aurora,14.45,39,11,11,12,25000.0,37000.0,22,19,0.600718500755766,0.9198644207286689,1.0,1.0,0.600718500755766,0.9198644207286689,0.8881680568427556,0.6439993502580005,43.469213255080334,48.23497263747524,47.03861256544502,43.50482599840609,45.37428379713848,45.37428379713848,是,,45.71206070239793,45.56156238451029,45.445408797342765,45.54986516800739,45.37428379713848,45.23877127877637,45.38766963361686,45.18700520976667,45.03213376020997
2026-09-23,M05,2026-09-23/M05_79354D553D8F443F74996B7B522AC25C.png,5,丨云胡丨不喜丨#24728,nunu,https://aramkit.com/zh-CN/champions/nunu,16.383333333333333,44,2,11,22,20000.0,155000.0,11,30,0.5837454340939923,1.2514048506939133,1.0,1.0,0.5837454340939923,1.2514048506939133,0.7544322897019993,0.325978989749043,36.30867199954527,57.34997302617199,43.00150505267684,50.198903989666434,48.9638570916567,48.9638570916567,是,,48.80837901951602,48.21491249947372,47.69409276118765,49.65623469837272,48.9638570916567,48.356234063656295,50.504090377229424,49.71280168383969,49.01837536612493
2026-09-23,M05,2026-09-23/M05_79354D553D8F443F74996B7B522AC25C.png,5,羊村头目慢羊羊#24440,galio,https://aramkit.com/zh-CN/champions/galio,16.383333333333333,44,11,9,18,35000.0,158000.0,20,31,1.0248504993430567,0.8076507042328387,1.0,1.0,1.0248504993430567,0.8076507042328387,0.9442563167491534,0.23384751995054276,50.36818272782784,51.12147221941619,48.56645230439443,54.15663873343579,50.790676472224874,50.790676472224874,是,,50.569779961950985,50.55278996866397,50.53731819606605,50.81049813105973,50.790676472224874,50.772626070860625,51.05121630016846,51.028562975785775,51.00793394565521
2026-09-23,M05,2026-09-23/M05_79354D553D8F443F74996B7B522AC25C.png,5,划水打野#51907,akshan,https://aramkit.com/zh-CN/champions/akshan,16.383333333333333,44,9,12,12,29000.0,43000.0,17,8,0.7812824151510118,0.9278166563405673,1.0,1.0,0.7812824151510118,0.9278166563405673,0.8021390374331552,0.5833888290027465,44.69478082548086,40.30527980088439,44.510385756676556,47.86507043672448,43.69483015947882,43.69483015947882,是,,43.71432951039024,43.85926216879347,43.97390781102798,43.52574205800839,43.69483015947882,43.828583408752415,43.33715460562654,43.53039815016417,43.68325900647685
2026-09-23,M05,2026-09-23/M05_79354D553D8F443F74996B7B522AC25C.png,5,Premieresape丶Li#45121,graves,https://aramkit.com/zh-CN/champions/graves,16.383333333333333,44,10,14,22,52000.0,93000.0,30,18,1.1516214395455386,1.5136636075752603,1.0,1.0,1.1516214395455386,1.5136636075752603,1.127554615926709,0.5623521515353216,56.11405366332793,55.077826045063254,52.99768135144088,46.162009458624986,54.178122829122984,54.178122829122984,是,,53.87735433011375,53.9118358766996,53.93934527503501,54.137894358106166,54.178122829122984,54.21021712718097,54.39843438609856,54.444409781546355,54.48108897932691
2026-09-23,M05,2026-09-23/M05_79354D553D8F443F74996B7B522AC25C.png,5,东冬咚胨#49567,fizz,https://aramkit.com/zh-CN/champions/fizz,16.383333333333333,44,12,16,19,38000.0,61000.0,22,12,0.9829362677394547,0.888068293893798,1.0,1.0,0.9829362677394547,0.888068293893798,1.1254719721173396,0.4959811010907477,50.69422239421411,43.221488494856885,52.9516261273572,44.8288533023619,47.92268685340039,47.92268685340039,是,,48.27621434834653,48.5250671378943,48.72900482373295,47.63235859892801,47.92268685340039,48.160614153545495,46.98850284950947,47.32030656890649,47.59222348335804
2026-09-23,M06,2026-09-23/M06_28D0A4BD2036BED8B5EE1BAA103C430D.png,5,丨云胡丨不喜丨#24728,poppy,https://aramkit.com/zh-CN/champions/poppy,11.216666666666667,46,18,7,19,28000.0,86000.0,21,44,1.0776607438369834,0.6437250123711747,1.0,1.0,1.0776607438369834,0.6437250123711747,1.2548328020077326,0.25374988436197216,51.60917289831894,50.99754396360599,55.65081370514093,49.93415907435012,51.93049996300649,51.93049996300649,是,,52.36566558437689,52.38030686001441,52.393533823177314,51.91341847476273,51.93049996300649,51.945931420029886,51.461171365148566,51.48069306599859,51.498329016882465
2026-09-23,M06,2026-09-23/M06_28D0A4BD2036BED8B5EE1BAA103C430D.png,5,羊村头目慢羊羊#24440,kalista,https://aramkit.com/zh-CN/champions/kalista,11.216666666666667,46,4,7,31,25000.0,22000.0,18,11,0.8715488585851284,0.5929071391594392,1.0,1.0,0.8715488585851284,0.5929071391594392,1.200109724317652,0.5747619036916553,46.88836033009668,36.52656923622085,54.54772146374914,52.632485883195045,45.91028528876385,45.91028528876385,是,,46.77346851661978,47.11684423403955,47.38941539175426,45.50968028510746,45.91028528876385,46.22828497276435,44.24589205359513,44.70372634348815,45.067154553774444
2026-09-23,M06,2026-09-23/M06_28D0A4BD2036BED8B5EE1BAA103C430D.png,5,划水打野#51907,aurelionsol,https://aramkit.com/zh-CN/champions/aurelionsol,11.216666666666667,46,10,7,27,24000.0,30000.0,18,16,0.8287515574352553,0.7705191603757615,1.0,1.0,0.8287515574352553,0.7705191603757615,1.1125142822779481,0.5653018486161008,46.13810039552192,43.88941252152941,52.66304193116798,50.05125525115072,47.15015386490926,47.15015386490926,是,,47.82563543605488,47.90039806466025,47.95997249564127,47.062930798202984,47.15015386490926,47.21965736772043,46.30022616035109,46.39990966515825,46.47934223979961
2026-09-23,M06,2026-09-23/M06_28D0A4BD2036BED8B5EE1BAA103C430D.png,5,Premieresape丶Li#45121,kayn,https://aramkit.com/zh-CN/champions/kayn,11.216666666666667,46,9,11,31,32000.0,41000.0,24,21,0.9560734882383284,0.6638226137074336,1.0,1.0,0.9560734882383284,0.6638226137074336,1.439677512237259,0.48651612514579534,51.14448762377965,44.426268326201914,59.01097604154373,45.05748565868883,49.694297016895035,49.694297016895035,是,,50.60280633436258,50.82591558637549,51.009456468844746,49.43400288954663,49.694297016895035,49.908428046442495,48.26519944473069,48.56267844741457,48.807399624040244
2026-09-23,M06,2026-09-23/M06_28D0A4BD2036BED8B5EE1BAA103C430D.png,5,东冬咚胨#49567,jinx,https://aramkit.com/zh-CN/champions/jinx,11.216666666666667,46,5,7,32,26000.0,17000.0,19,8,0.9848071809021626,0.6133520412387307,1.0,1.0,0.9848071809021626,0.6133520412387307,1.2205581579468232,0.6248261164784459,49.25754278628446,34.2389200280426,54.966277445999346,51.431904110691015,46.67250933291974,46.67250933291974,是,,47.32403057032529,47.806842301426705,48.18238907084315,46.109228979968094,46.67250933291974,47.110647230572255,44.89442738961089,45.53817636441277,46.03890539030136
2026-09-23,M07,2026-09-23/M07_5D1F83BC10D16116927F305AE5990753.png,5,丨云胡丨不喜丨#24728,rammus,https://aramkit.com/zh-CN/champions/rammus,16.7,53,8,13,29,14000.0,183000.0,10,30,0.500204088610787,0.9274186294943676,1.0,1.0765393309011726,0.500204088610787,0.8614814181642803,1.074020319303338,0.1987169894417295,33.33877495590552,51.76760733976617,51.78446466060181,47.579064789411795,48.78863908572494,48.78863908572494,是,,49.52323853645706,49.156537026833206,48.81786928791247,49.216457513619424,48.78863908572494,48.393526723650744,48.9096764907818,48.42074114461667,47.96918415938902
2026-09-23,M07,2026-09-23/M07_5D1F83BC10D16116927F305AE5990753.png,5,羊村头目慢羊羊#24440,zaahen,https://aramkit.com/zh-CN/champions/zaahen,16.7,53,3,13,28,19000.0,202000.0,13,33,0.4469249459088761,1.389454218666112,1.0,1.0765393309011726,0.4469249459088761,1.2906673994929643,0.9254836398375925,0.338307501790364,34.29032469548876,58.71242079430907,48.064996278839004,48.025531317949074,49.73072211980579,49.73072211980579,是,,50.19585027205976,49.492197500226396,48.877730677792535,50.55165035361138,49.73072211980579,49.01384416029962,50.90745043516301,49.96924673938519,49.149957642806704
2026-09-23,M07,2026-09-23/M07_5D1F83BC10D16116927F305AE5990753.png,5,划水打野#51907,tryndamere,https://aramkit.com/zh-CN/champions/tryndamere,16.7,53,12,14,23,27000.0,79000.0,19,13,0.6245530771074457,0.6312093775230528,1.0,1.0765393309011726,0.6245530771074457,0.5863319243474984,1.0144045445323595,0.3765301511991438,42.553944836064616,37.93447008901926,50.35753852351697,47.33790496914862,42.57698733140767,42.57698733140767,是,,43.504625614503624,43.64535702236088,43.766376974394845,42.412800688907545,42.57698733140767,42.718177275447296,41.32097576331146,41.50861764045446,41.66997757649975
2026-09-23,M07,2026-09-23/M07_5D1F83BC10D16116927F305AE5990753.png,5,Premieresape丶Li#45121,lillia,https://aramkit.com/zh-CN/champions/lillia,16.7,53,7,12,22,36000.0,73000.0,24,12,0.7329734080474488,1.0765393309011726,1.0,1.0765393309011726,0.7329734080474488,1.0,0.8228117463469995,0.5587681920676782,47.19560785289383,45.0,45.13969958751654,44.79310434624099,45.86603543344316,45.86603543344316,是,,45.68419088310267,45.75732180914971,45.81575047242211,45.78071601972162,45.86603543344316,45.93420220726097,45.87724115634057,45.97474905773662,46.052653942099816
2026-09-23,M07,2026-09-23/M07_5D1F83BC10D16116927F305AE5990753.png,5,东冬咚胨#49567,lucian,https://aramkit.com/zh-CN/champions/lucian,16.7,53,23,15,17,51000.0,69000.0,35,11,1.1187006573665164,1.4496591024236782,1.0,1.0765393309011726,1.1187006573665164,1.3465918622872484,1.1847990284647967,0.6261152978822574,57.13530186938593,48.62455150942187,54.22919971258524,43.61348528015194,52.97447222490885,52.97447222490885,是,,52.72876333341473,53.00206594554214,53.21453832673967,52.65561917742687,52.97447222490885,53.2223566696393,52.582475021439,52.94687850427555,53.23017501253893
2026-09-23,M08,2026-09-23/M08_1D9FAAEA69BAAAF8CCCFE133E6D21202.png,5,丨云胡丨不喜丨#24728,kayn,https://aramkit.com/zh-CN/champions/kayn,19.566666666666666,68,9,15,24,33000.0,110000.0,17,22,0.5652000665535838,1.0209579110973803,1.0,1.0434860613011616,0.5652000665535838,0.9784106841104422,0.8034670821971173,0.48651612514579534,40.044620744369276,50.62500732773943,44.55124743492818,51.197856533306556,45.86427019157382,45.86427019157382,是,,46.12301728226946,45.771647070601276,45.482592277305415,46.2742021051867,45.86427019157382,45.52703959939532,46.42538692810395,45.95689331254637,45.57148692148522
2026-09-23,M08,2026-09-23/M08_1D9FAAEA69BAAAF8CCCFE133E6D21202.png,5,羊村头目慢羊羊#24440,vayne,https://aramkit.com/zh-CN/champions/vayne,19.566666666666666,68,12,15,30,40000.0,57000.0,20,11,0.8099181110730025,1.0434860613011616,1.0,1.0434860613011616,0.8099181110730025,1.0,1.0931806350858928,0.6125217677464521,46.849328910008396,44.193548387096776,52.22581447401144,48.48880510015788,47.36823364223412,47.36823364223412,是,,47.922589892058284,48.00878791286154,48.07617151609512,47.267669284630315,47.36823364223412,47.44684784600663,46.61274867720234,46.72767937160669,46.81752417591813
2026-09-23,M08,2026-09-23/M08_1D9FAAEA69BAAAF8CCCFE133E6D21202.png,5,划水打野#51907,udyr,https://aramkit.com/zh-CN/champions/udyr,19.566666666666666,68,18,19,15,28000.0,80000.0,14,16,0.4709903790033905,0.8892627395506354,1.0,1.0434860613011616,0.4709903790033905,0.8522037548271422,0.7703081232492998,0.5360474362619498,35.68174226020994,45.38393350247583,43.51265822784811,46.38888741560281,41.46958951978513,41.46958951978513,是,,42.12686888758744,41.80254546647634,41.54102957742054,41.84796684441475,41.46958951978513,41.16448764922003,41.56906480124206,41.13663357309393,40.78794572101952
2026-09-23,M08,2026-09-23/M08_1D9FAAEA69BAAAF8CCCFE133E6D21202.png,5,Premieresape丶Li#45121,blitzcrank,https://aramkit.com/zh-CN/champions/blitzcrank,19.566666666666666,68,5,11,39,29000.0,172000.0,14,34,0.9685565180729702,1.3393066044712374,1.0,1.0434860613011616,0.9685565180729702,1.283492567980454,1.0893246187363836,0.2895869866455512,45.99140237034659,58.909645320799,52.1376433785193,52.51265973424817,54.29687783954432,54.29687783954432,是,,54.33229418537591,53.99377315019402,53.69231787713759,54.69181904725652,54.29687783954432,53.94518002097848,55.05134390913714,54.59998252889463,54.19804216481939
2026-09-23,M08,2026-09-23/M08_1D9FAAEA69BAAAF8CCCFE133E6D21202.png,5,东冬咚胨#49567,gangplank,https://aramkit.com/zh-CN/champions/gangplank,19.566666666666666,68,24,12,25,69000.0,80000.0,35,16,1.30063489505907,1.113696965079762,1.0,1.0434860613011616,1.30063489505907,1.0672849464716871,1.1678901706549718,0.5635592440229326,59.374788023734396,48.754202627963885,53.872201943796995,48.67174793507032,53.959287375546154,53.959287375546154,是,,53.51926557753451,53.87255439945733,54.154270628127534,53.54711708330287,53.959287375546154,54.287956308994744,53.57496858907124,54.04602035163499,54.421641989861946
