对局目录日期,截图序号,来源截图,分组,己方位置,队员,输出占比_显示整数百分数,真实承伤占比_显示整数百分数,输出负担分B_O,承伤负担分B_T,己方输出占比合计,己方真实承伤占比合计
2026-09-24,M01,../../../screenshots/2026-09-24/M01_DF41BC514EBE0E05E75FFFF0DC8A928B.png,含名单外队员，另列,1,非六人名单,28,31,58.3333,60.7843,100,100
2026-09-24,M01,../../../screenshots/2026-09-24/M01_DF41BC514EBE0E05E75FFFF0DC8A928B.png,含名单外队员，另列,2,丨云胡丨不喜丨#24728,4,11,16.6667,35.4839,100,100
2026-09-24,M01,../../../screenshots/2026-09-24/M01_DF41BC514EBE0E05E75FFFF0DC8A928B.png,含名单外队员，另列,3,Premieresape丶Li#45121,29,24,59.1837,54.5455,100,100
2026-09-24,M01,../../../screenshots/2026-09-24/M01_DF41BC514EBE0E05E75FFFF0DC8A928B.png,含名单外队员，另列,4,羊村头目慢羊羊#24440,19,13,48.7179,39.3939,100,100
2026-09-24,M01,../../../screenshots/2026-09-24/M01_DF41BC514EBE0E05E75FFFF0DC8A928B.png,含名单外队员，另列,5,东冬咚胨#49567,20,21,50.0000,51.2195,100,100
2026-09-24,M02,../../../screenshots/2026-09-24/M02_DF1BCB05B634E25D342B73A2456A27DB.png,含名单外队员，另列,1,非六人名单,26,24,56.5217,54.5455,100,100
2026-09-24,M02,../../../screenshots/2026-09-24/M02_DF1BCB05B634E25D342B73A2456A27DB.png,含名单外队员，另列,2,非六人名单,17,19,45.9459,48.7179,100,100
2026-09-24,M02,../../../screenshots/2026-09-24/M02_DF1BCB05B634E25D342B73A2456A27DB.png,含名单外队员，另列,3,丨云胡丨不喜丨#24728,16,23,44.4444,53.4884,100,100
2026-09-24,M02,../../../screenshots/2026-09-24/M02_DF1BCB05B634E25D342B73A2456A27DB.png,含名单外队员，另列,4,羊村头目慢羊羊#24440,20,14,50.0000,41.1765,100,100
2026-09-24,M02,../../../screenshots/2026-09-24/M02_DF1BCB05B634E25D342B73A2456A27DB.png,含名单外队员，另列,5,东冬咚胨#49567,21,20,51.2195,50.0000,100,100
2026-09-24,M03,../../../screenshots/2026-09-24/M03_270EACFF5ED3D5AB494D374E17A805F4.png,五人固定组主榜候选,1,丨云胡丨不喜丨#24728,15,14,42.8571,41.1765,100,100
2026-09-24,M03,../../../screenshots/2026-09-24/M03_270EACFF5ED3D5AB494D374E17A805F4.png,五人固定组主榜候选,2,羊村头目慢羊羊#24440,18,23,47.3684,53.4884,100,100
2026-09-24,M03,../../../screenshots/2026-09-24/M03_270EACFF5ED3D5AB494D374E17A805F4.png,五人固定组主榜候选,3,Premieresape丶Li#45121,17,34,45.9459,62.9630,100,100
2026-09-24,M03,../../../screenshots/2026-09-24/M03_270EACFF5ED3D5AB494D374E17A805F4.png,五人固定组主榜候选,4,Let325544#73173,18,13,47.3684,39.3939,100,100
2026-09-24,M03,../../../screenshots/2026-09-24/M03_270EACFF5ED3D5AB494D374E17A805F4.png,五人固定组主榜候选,5,东冬咚胨#49567,32,16,61.5385,44.4444,100,100
2026-09-24,M04,../../../screenshots/2026-09-24/M04_0A8BFC94C56A604B5AAACB14A1C1555F.png,五人固定组主榜候选,1,丨云胡丨不喜丨#24728,16,11,44.4444,35.4839,101,101
2026-09-24,M04,../../../screenshots/2026-09-24/M04_0A8BFC94C56A604B5AAACB14A1C1555F.png,五人固定组主榜候选,2,羊村头目慢羊羊#24440,13,34,39.3939,62.9630,101,101
2026-09-24,M04,../../../screenshots/2026-09-24/M04_0A8BFC94C56A604B5AAACB14A1C1555F.png,五人固定组主榜候选,3,Premieresape丶Li#45121,30,10,60.0000,33.3333,101,101
2026-09-24,M04,../../../screenshots/2026-09-24/M04_0A8BFC94C56A604B5AAACB14A1C1555F.png,五人固定组主榜候选,4,Let325544#73173,26,37,56.5217,64.9123,101,101
2026-09-24,M04,../../../screenshots/2026-09-24/M04_0A8BFC94C56A604B5AAACB14A1C1555F.png,五人固定组主榜候选,5,东冬咚胨#49567,16,9,44.4444,31.0345,101,101
2026-09-24,M05,../../../screenshots/2026-09-24/M05_AF03F86F80A215AF80D8507CFC0746D1.png,含名单外队员，另列,1,丨云胡丨不喜丨#24728,16,15,44.4444,42.8571,101,99
2026-09-24,M05,../../../screenshots/2026-09-24/M05_AF03F86F80A215AF80D8507CFC0746D1.png,含名单外队员，另列,2,羊村头目慢羊羊#24440,15,13,42.8571,39.3939,101,99
2026-09-24,M05,../../../screenshots/2026-09-24/M05_AF03F86F80A215AF80D8507CFC0746D1.png,含名单外队员，另列,3,Premieresape丶Li#45121,42,28,67.7419,58.3333,101,99
2026-09-24,M05,../../../screenshots/2026-09-24/M05_AF03F86F80A215AF80D8507CFC0746D1.png,含名单外队员，另列,4,东冬咚胨#49567,6,14,23.0769,41.1765,101,99
2026-09-24,M05,../../../screenshots/2026-09-24/M05_AF03F86F80A215AF80D8507CFC0746D1.png,含名单外队员，另列,5,非六人名单,22,29,52.3810,59.1837,101,99
2026-09-24,M06,../../../screenshots/2026-09-24/M06_D11349D219C9DF6BF959E2A3D3AC6965.png,含名单外队员，另列,1,非六人名单,21,9,51.2195,31.0345,100,100
2026-09-24,M06,../../../screenshots/2026-09-24/M06_D11349D219C9DF6BF959E2A3D3AC6965.png,含名单外队员，另列,2,丨云胡丨不喜丨#24728,6,11,23.0769,35.4839,100,100
2026-09-24,M06,../../../screenshots/2026-09-24/M06_D11349D219C9DF6BF959E2A3D3AC6965.png,含名单外队员，另列,3,羊村头目慢羊羊#24440,13,40,39.3939,66.6667,100,100
2026-09-24,M06,../../../screenshots/2026-09-24/M06_D11349D219C9DF6BF959E2A3D3AC6965.png,含名单外队员，另列,4,Premieresape丶Li#45121,29,17,59.1837,45.9459,100,100
2026-09-24,M06,../../../screenshots/2026-09-24/M06_D11349D219C9DF6BF959E2A3D3AC6965.png,含名单外队员，另列,5,东冬咚胨#49567,31,23,60.7843,53.4884,100,100
2026-09-24,M07,../../../screenshots/2026-09-24/M07_8B554355E472C51850E2F283940F8E5A.png,五人固定组主榜候选,1,丨云胡丨不喜丨#24728,12,48,37.5000,70.5882,100,100
2026-09-24,M07,../../../screenshots/2026-09-24/M07_8B554355E472C51850E2F283940F8E5A.png,五人固定组主榜候选,2,羊村头目慢羊羊#24440,30,8,60.0000,28.5714,100,100
2026-09-24,M07,../../../screenshots/2026-09-24/M07_8B554355E472C51850E2F283940F8E5A.png,五人固定组主榜候选,3,Premieresape丶Li#45121,29,15,59.1837,42.8571,100,100
2026-09-24,M07,../../../screenshots/2026-09-24/M07_8B554355E472C51850E2F283940F8E5A.png,五人固定组主榜候选,4,Let325544#73173,10,5,33.3333,20.0000,100,100
2026-09-24,M07,../../../screenshots/2026-09-24/M07_8B554355E472C51850E2F283940F8E5A.png,五人固定组主榜候选,5,东冬咚胨#49567,19,24,48.7179,54.5455,100,100
2026-09-24,M08,../../../screenshots/2026-09-24/M08_A02CACD51C1A5CEA47D1EADEC01E8AC8.png,五人固定组主榜候选,1,丨云胡丨不喜丨#24728,15,24,42.8571,54.5455,100,100
2026-09-24,M08,../../../screenshots/2026-09-24/M08_A02CACD51C1A5CEA47D1EADEC01E8AC8.png,五人固定组主榜候选,2,羊村头目慢羊羊#24440,18,7,47.3684,25.9259,100,100
2026-09-24,M08,../../../screenshots/2026-09-24/M08_A02CACD51C1A5CEA47D1EADEC01E8AC8.png,五人固定组主榜候选,3,Premieresape丶Li#45121,26,11,56.5217,35.4839,100,100
2026-09-24,M08,../../../screenshots/2026-09-24/M08_A02CACD51C1A5CEA47D1EADEC01E8AC8.png,五人固定组主榜候选,4,Let325544#73173,18,42,47.3684,67.7419,100,100
2026-09-24,M08,../../../screenshots/2026-09-24/M08_A02CACD51C1A5CEA47D1EADEC01E8AC8.png,五人固定组主榜候选,5,东冬咚胨#49567,23,16,53.4884,44.4444,100,100
