游戏日,场次,截图,队内熟人数,玩家,英雄,参考链接,时长分钟,己方总击杀,击杀,死亡,助攻,输出显示值,真实承伤显示值,输出占比%,真实承伤占比%,输出倍率,承伤倍率,参团倍率,输出权重,输出分O,承伤分T,参团分,死亡分,单局综合分,辅助_0.6_0.8,辅助_0.6_1.0,辅助_0.6_1.2,辅助_0.7_0.8,辅助_0.7_1.0,辅助_0.7_1.2,辅助_0.8_0.8,辅助_0.8_1.0,辅助_0.8_1.2
2026-09-27,M01,2026-09-27/M01_926742ADDB85E1227EDD0424FECFBEE9.png,4,丨云胡丨不喜丨#24728,teemo,https://aramkit.com/zh-CN/champions/teemo,10.916666666666666,41,7,8,21,11000.0,20000.0,14,11,0.46421598612379655,0.8565946189158976,1.0874631039304024,0.6395669888096007,35.49302715918719,41.87631586434219,52.094961672992476,43.45496300076551,41.22013122461375,42.852727355079935,42.65024987906462,42.49369717347719,41.456354946631635,41.22013122461375,41.037486401428424,40.05998253818332,39.7900125701629,39.58127562937965
2026-09-27,M01,2026-09-27/M01_926742ADDB85E1227EDD0424FECFBEE9.png,4,羊村头目慢羊羊#24440,viktor,https://aramkit.com/zh-CN/champions/viktor,10.916666666666666,41,4,7,25,15000.0,21000.0,20,12,0.531090949325072,0.6670769719470309,1.003286628610967,0.6106885239547155,40.81225610637375,39.008860412771384,50.08203091270184,46.91943127962085,42.78547073740504,43.724047680151926,43.78265648197486,43.828506877223205,42.717093801944955,42.78547073740504,42.83896286519478,41.710139923737984,41.78828499283523,41.849418853166355
2026-09-27,M01,2026-09-27/M01_926742ADDB85E1227EDD0424FECFBEE9.png,4,划水打野#51907,quinn,https://aramkit.com/zh-CN/champions/quinn,10.916666666666666,41,5,8,18,17000.0,25000.0,22,14,0.6326301792184836,0.7670766020034806,0.916626813326957,0.5904305595557262,44.20186588550823,42.51620282157009,47.825002079347925,48.89555161231109,44.91258444244415,45.28847226219927,45.34393766961559,45.387687173869196,44.84787480045844,44.91258444244415,44.963625530740025,44.40727733871761,44.48123121527271,44.539563887610846
2026-09-27,M01,2026-09-27/M01_926742ADDB85E1227EDD0424FECFBEE9.png,4,东冬咚胨#49567,viego,https://aramkit.com/zh-CN/champions/viego,10.916666666666666,41,18,9,10,23000.0,41000.0,30,23,0.755818599034632,0.775810027819516,1.0997211421389577,0.5016839510166456,49.827904982332086,47.60795093988304,52.37462823366566,48.07203748659176,49.387295773874285,49.678566641891294,49.75259197174343,49.81311695505214,49.3009328890468,49.387295773874285,49.45790825440112,48.92329913620231,49.02199957600514,49.10269955375009
2026-09-27,M02,2026-09-27/M02_232DA761B2AFEDDF3E54CC9388C0BCB1.png,4,丨云胡丨不喜丨#24728,teemo,https://aramkit.com/zh-CN/champions/teemo,20.65,67,8,8,42,36000.0,27000.0,14,5,0.8031559874384858,0.6113347794805347,1.1883258864911115,0.6395669888096007,43.19559682135973,30.763790142143577,54.30296711412312,59.245227498436755,43.885450486471356,45.04993481973449,45.44427086734037,45.749165892595855,43.42539176426449,43.885450486471356,44.24116134926942,41.80084870879448,42.326630105602334,42.73315680594297
2026-09-27,M02,2026-09-27/M02_232DA761B2AFEDDF3E54CC9388C0BCB1.png,4,羊村头目慢羊羊#24440,amumu,https://aramkit.com/zh-CN/champions/amumu,20.65,67,8,11,42,37000.0,228000.0,14,40,0.8100532525875918,1.2780461356966866,1.1238985793921956,0.30922765202096186,43.32239222822858,60.32830632364823,52.91677250021167,59.60627277792968,55.09270698405131,55.34206728552211,54.87742349032733,54.46690459586438,55.63479141177855,55.09270698405131,54.61376827384453,55.927515538034996,55.307990477775284,54.76063195182468
2026-09-27,M02,2026-09-27/M02_232DA761B2AFEDDF3E54CC9388C0BCB1.png,4,划水打野#51907,masteryi,https://aramkit.com/zh-CN/champions/masteryi,20.65,67,25,10,14,53000.0,82000.0,20,14,0.9558927050051838,0.861605024786813,0.9254205917946041,0.5046077068516319,49.323470634939056,44.24033573752216,48.06329566321186,62.09604068828541,48.58599054867856,48.54219053984707,48.711787636827225,48.8502907824294,48.38812726886838,48.58599054867856,48.74757755188109,48.23406399788969,48.460193460529894,48.64486432133279
2026-09-27,M02,2026-09-27/M02_232DA761B2AFEDDF3E54CC9388C0BCB1.png,4,东冬咚胨#49567,tahmkench,https://aramkit.com/zh-CN/champions/tahmkench,20.65,67,9,9,33,48000.0,180000.0,18,31,0.9334836730201655,0.7489657478644655,0.9673852957435047,0.27224171006144393,47.91529877534519,50.00773632302021,49.17111548187694,54.38981562774363,49.87986594194083,49.90578140222498,49.85316873544408,49.80598956855298,49.94124738651854,49.87986594194083,49.82482358056788,49.97671337081211,49.90656314843758,49.84365759258278
2026-09-27,M03,2026-09-27/M03_743334C6361D99B9A8D5BDF7C0109802.png,4,丨云胡丨不喜丨#24728,fizz,https://aramkit.com/zh-CN/champions/fizz,14.933333333333334,83,13,14,41,31000.0,55000.0,16,13,0.879729114392164,0.8784655355197634,1.039300973863505,0.4959811010907477,45.85828494202319,43.8166117816792,50.96358934672228,45.84149232196228,46.15733726021051,46.70278123299498,46.77077188650133,46.82649099883253,46.07801483111976,46.15733726021051,46.22234289126358,45.45324842924454,45.54390263391968,45.61819478369461
2026-09-27,M03,2026-09-27/M03_743334C6361D99B9A8D5BDF7C0109802.png,4,羊村头目慢羊羊#24440,malphite,https://aramkit.com/zh-CN/champions/malphite,14.933333333333334,83,11,11,46,29000.0,206000.0,16,50,0.9344627090313943,1.9296346098256953,1.086624980936404,0.3369851064589806,46.76141353364994,68.09105883563758,52.07571992398773,48.24603216637538,57.872047431405576,57.602490715534074,56.98929081952285,56.45352761412104,58.58744731008535,57.872047431405576,57.246990358436804,59.5724039046366,58.7548040432883,58.04045310275255
2026-09-27,M03,2026-09-27/M03_743334C6361D99B9A8D5BDF7C0109802.png,4,划水打野#51907,jayce,https://aramkit.com/zh-CN/champions/jayce,14.933333333333334,83,13,10,59,41000.0,43000.0,22,10,1.0487203694958336,0.9861505994651844,1.2048192771084338,0.6105351918111616,51.66580729725334,43.12414375014848,54.644808743169406,49.93699718910536,49.760052427131,50.11299371458089,50.39062030722129,50.60782456965798,49.436154735717196,49.760052427131,50.0134573999738,48.75931575685351,49.12948454704072,49.41909023028963
2026-09-27,M03,2026-09-27/M03_743334C6361D99B9A8D5BDF7C0109802.png,4,东冬咚胨#49567,caitlyn,https://aramkit.com/zh-CN/champions/caitlyn,14.933333333333334,83,24,11,36,47000.0,41000.0,25,10,1.2065115715900134,1.0280457092148145,1.1402075177682338,0.6306972923314754,55.02997869514026,43.74820133784699,53.275558949405976,45.64203149696265,50.82382637842234,50.704178988522344,51.06502349638511,51.34503124736105,50.40284111924912,50.82382637842234,51.15050208789428,50.10150324997589,50.58262926045958,50.955972928427514
2026-09-27,M04,2026-09-27/M04_B55C1D56D0E761FC882AB4DE54773BE8.png,5,丨云胡丨不喜丨#24728,trundle,https://aramkit.com/zh-CN/champions/trundle,12.75,43,4,6,34,17000.0,34000.0,13,16,0.659225649174532,0.3787045591189711,1.230809095031418,0.3343113563943839,39.59612898278047,34.258664416506534,55.173214856114065,55.2426343154246,41.78903400752045,43.5492974834686,43.7020515495954,43.835658844703524,41.61082093037252,41.78903400752045,41.94490918514659,39.672344377276424,39.876016465445495,40.05415952558966
2026-09-27,M04,2026-09-27/M04_B55C1D56D0E761FC882AB4DE54773BE8.png,5,羊村头目慢羊羊#24440,shen,https://aramkit.com/zh-CN/champions/shen,12.75,43,3,7,29,16000.0,68000.0,12,31,0.5458166892256227,0.45596912907300696,1.0015962940937118,0.2557703544084415,36.18556590946304,43.104060531021375,50.03987552580963,53.055705786911844,44.247705980637875,45.28479577796476,45.11824206224958,44.96789891131327,44.44201864897224,44.247705980637875,44.07230563787884,43.599241519979714,43.37716989902616,43.17671236444441
2026-09-27,M04,2026-09-27/M04_B55C1D56D0E761FC882AB4DE54773BE8.png,5,划水打野#51907,ryze,https://aramkit.com/zh-CN/champions/ryze,12.75,43,12,5,17,35000.0,29000.0,26,13,0.9915717086445203,0.4766661999827564,1.0637517423519918,0.5035711435044753,52.48173625645299,35.12550874019522,51.54455938288721,62.042888978190184,47.21912362863315,47.408048290634476,47.98701915917377,48.4600395403935,46.5436576153373,47.21912362863315,47.770980740056174,45.67926694004013,46.45122809809253,47.08192193971884
2026-09-27,M04,2026-09-27/M04_B55C1D56D0E761FC882AB4DE54773BE8.png,5,Premieresape丶Li#45121,hecarim,https://aramkit.com/zh-CN/champions/hecarim,12.75,43,10,11,22,38000.0,69000.0,28,32,1.0646655260916202,0.6281063957616473,1.06312292358804,0.3622713545747479,54.27293626573708,47.76275621456607,51.52979066022545,46.91801174317161,50.08260487852276,50.02887838273886,50.22346314852237,50.39175588914761,49.85558931844199,50.08260487852276,50.2789464092522,49.682300254145126,49.94174660852315,50.16613692935679
2026-09-27,M04,2026-09-27/M04_B55C1D56D0E761FC882AB4DE54773BE8.png,5,东冬咚胨#49567,lucian,https://aramkit.com/zh-CN/champions/lucian,12.75,43,14,6,18,30000.0,18000.0,22,8,0.8619285341647439,0.49533108972839746,1.1682669489978459,0.6261152978822574,48.727728448778905,31.3036784118028,53.88021754137832,59.61742826780021,46.2869862187693,46.89416156062947,47.453693703805186,47.888688180775944,45.63419871839763,46.2869862187693,46.79447977523519,44.374235876165784,45.120278733733414,45.70027136969442
2026-09-27,M05,2026-09-27/M05_A4064B401D8987A6691D71BF7CFF24D5.png,5,丨云胡丨不喜丨#24728,maokai,https://aramkit.com/zh-CN/champions/maokai,13.783333333333333,46,4,13,20,16000.0,62000.0,11,15,0.5274857397128001,0.48666662588454707,0.7638933095677638,0.2939283367665896,34.91331261135639,36.784111641120475,43.307228698256885,38.34536662913162,37.8599439582787,38.61674430614671,38.56724374871664,38.52323990963594,37.917694608613765,37.8599439582787,37.80860614601787,37.21864491108082,37.15264416784074,37.0939723823998
2026-09-27,M05,2026-09-27/M05_A4064B401D8987A6691D71BF7CFF24D5.png,5,羊村头目慢羊羊#24440,renata,https://aramkit.com/zh-CN/champions/renata,13.783333333333333,46,4,7,33,11000.0,33000.0,8,8,0.7055681213858377,0.8309486168807395,1.0753313182980702,0.4070098856186536,36.249677517698046,38.65867311093439,51.814922697736954,50.491517633580976,41.78686796595829,43.276494291005314,43.200541426724435,43.136023187960184,41.87547964095264,41.78686796595829,41.71159668739999,40.47446499089997,40.37319450519213,40.287170186839795
2026-09-27,M05,2026-09-27/M05_A4064B401D8987A6691D71BF7CFF24D5.png,5,划水打野#51907,jhin,https://aramkit.com/zh-CN/champions/jhin,13.783333333333333,46,8,5,30,36000.0,25000.0,25,6,1.083601929755482,0.7666701534670364,1.2148337595907928,0.6404600117008556,53.425934820510506,35.26857210967573,54.849884526558895,61.50312787086049,49.94863548313739,50.16841690512686,50.74386025140191,51.1886233157411,49.27728491248317,49.94863548313739,50.46752572486644,48.38615291983947,49.15341071487286,49.746428133991785
2026-09-27,M05,2026-09-27/M05_A4064B401D8987A6691D71BF7CFF24D5.png,5,Premieresape丶Li#45121,alistar,https://aramkit.com/zh-CN/champions/alistar,13.783333333333333,46,5,9,35,15000.0,225000.0,11,53,0.6321760366993958,1.3545922096356058,1.1381743683132255,0.19984634827881587,37.432807724997204,63.55897641576717,53.23112956456936,49.52254670273854,56.434910489068045,56.4464532503871,55.92424774468493,55.442182218657436,57.04415024572058,56.434910489068045,55.87250070870263,57.641847241054045,56.94557323345116,56.30281919874783
2026-09-27,M05,2026-09-27/M05_A4064B401D8987A6691D71BF7CFF24D5.png,5,东冬咚胨#49567,ezreal,https://aramkit.com/zh-CN/champions/ezreal,13.783333333333333,46,25,8,14,64000.0,79000.0,45,19,1.7903394610049033,2.2747906263323965,1.3500415397396843,0.6428201169944555,66.18954760218168,61.165397472310026,57.447560688192326,48.661370991468075,61.432164809399566,60.57856953142043,60.7374186535596,60.860076151950054,61.24684083357053,61.432164809399566,61.57526522418841,61.915112135720605,62.1269109652395,62.29045429642677
2026-09-27,M06,2026-09-27/M06_11756AC10D8093CB872F731710BA841D.png,5,丨云胡丨不喜丨#24728,volibear,https://aramkit.com/zh-CN/champions/volibear,17.566666666666666,56,7,14,29,40000.0,188000.0,16,46,0.9308820107051431,1.0560255243616101,0.9966777408637875,0.2967713709223485,46.703895651708116,58.696270789837904,49.91680532445923,46.36015325670498,53.21547041619837,53.012708521064866,52.69342323069629,52.40991623872972,53.58796992162838,53.21547041619837,52.88471225890404,54.16323132219189,53.73751760170046,53.359508279078355
2026-09-27,M06,2026-09-27/M06_11756AC10D8093CB872F731710BA841D.png,5,羊村头目慢羊羊#24440,senna,https://aramkit.com/zh-CN/champions/senna,17.566666666666666,56,8,10,39,33000.0,35000.0,13,9,0.8989014868615193,0.7806955953997639,1.076007326007326,0.5887689869303214,44.16035999091308,38.719095281426604,51.830613145125724,49.19390910328465,44.63143377378908,45.44302733689123,45.622220769096586,45.76365864697832,44.422374769549485,44.63143377378908,44.796444631317776,43.40172220220775,43.640646778481575,43.829230615657224
2026-09-27,M06,2026-09-27/M06_11756AC10D8093CB872F731710BA841D.png,5,划水打野#51907,aphelios,https://aramkit.com/zh-CN/champions/aphelios,17.566666666666666,56,13,8,21,67000.0,52000.0,27,13,1.4400690400968459,1.0139125906842374,0.9872241579558652,0.6133182441921772,58.38925523182253,45.96482294519343,49.678550555230856,59.76224924725297,53.42140279399085,52.62773814735573,53.03076245548259,53.34571687329711,52.951207767842845,53.42140279399085,53.78884961477445,53.27467738832995,53.8120431324991,54.23198235625179
2026-09-27,M06,2026-09-27/M06_11756AC10D8093CB872F731710BA841D.png,5,Premieresape丶Li#45121,galio,https://aramkit.com/zh-CN/champions/galio,17.566666666666666,56,13,10,29,53000.0,94000.0,21,23,1.4473756076246655,0.44813333396898347,1.0744985673352436,0.23384751995054276,55.97174783593671,39.962699928041175,51.795580110497234,53.27102803738318,46.28068208048814,46.72852799706402,47.08960248373067,47.41841146288969,45.85942851271039,46.28068208048814,46.664292556173656,44.99032902835675,45.47176167724562,45.91017364945763
2026-09-27,M06,2026-09-27/M06_11756AC10D8093CB872F731710BA841D.png,5,东冬咚胨#49567,annie,https://aramkit.com/zh-CN/champions/annie,17.566666666666666,56,15,12,28,56000.0,39000.0,22,9,1.508883073301484,0.8366274759596727,1.129201680672269,0.5819421866080735,57.03735651840247,39.74521943493727,53.03404045387271,49.43874745252806,50.41645328631825,50.16770603014618,50.73903298166396,51.19123320477095,49.74990517621416,50.41645328631825,50.944020213276396,49.332104322282156,50.09387359097253,50.696807221781846
2026-09-27,M07,2026-09-27/M07_42E42D977C2BB8359D24DA8BCB01E33B.png,5,丨云胡丨不喜丨#24728,yuumi,https://aramkit.com/zh-CN/champions/yuumi,18.716666666666665,48,1,7,42,8400.0,54000.0,3,9,0.5922847716463692,2.141987852786887,1.0601577909270217,0.49586436569698494,27.5356894703461,53.31760215325696,51.46002872187648,45.481167637621105,43.213411770140624,45.16463686724093,44.30608760489925,43.60246355797878,44.21505257620592,43.213411770140624,42.39251704873342,43.26546828517091,42.120735935382,41.182570539488054
2026-09-27,M07,2026-09-27/M07_42E42D977C2BB8359D24DA8BCB01E33B.png,5,羊村头目慢羊羊#24440,kayn,https://aramkit.com/zh-CN/champions/kayn,18.716666666666665,48,11,16,18,63000.0,131000.0,23,21,1.1280209212994459,1.2710855741869223,1.0002759381898454,0.48651612514579534,53.200137314870574,54.06872112270382,50.00689750310388,48.474769965560824,52.401155263083545,52.06607620882697,52.037230903978696,52.01350130666624,52.434808118739866,52.401155263083545,52.37347073288569,52.80354002865277,52.7650796221884,52.733440159105136
2026-09-27,M07,2026-09-27/M07_42E42D977C2BB8359D24DA8BCB01E33B.png,5,划水打野#51907,viktor,https://aramkit.com/zh-CN/champions/viktor,18.716666666666665,48,12,8,20,50000.0,51000.0,18,8,1.0325454788006,0.9449054932744165,0.9456264775413712,0.6106885239547155,49.42773374335487,40.57874339966046,48.60267314702308,57.00887614925878,47.60932642012901,47.583737169493205,47.87132170971725,48.096302675484495,47.27381112320096,47.60932642012901,47.87180421352414,46.96388507690871,47.347331130540766,47.64730575156378
2026-09-27,M07,2026-09-27/M07_42E42D977C2BB8359D24DA8BCB01E33B.png,5,Premieresape丶Li#45121,caitlyn,https://aramkit.com/zh-CN/champions/caitlyn,18.716666666666665,48,8,13,19,47000.0,51000.0,17,8,0.9626307819631809,1.0202979112629535,0.887223974763407,0.6306972923314754,47.807167251248714,41.729981104091976,47.01211867948182,47.10330418148106,46.00674632051313,45.95729648625749,46.1516735932515,46.30250614130099,45.77997302902011,46.00674632051313,46.18271762657086,45.602649571782734,45.86181904777476,46.06292911184073
2026-09-27,M07,2026-09-27/M07_42E42D977C2BB8359D24DA8BCB01E33B.png,5,东冬咚胨#49567,aatrox,https://aramkit.com/zh-CN/champions/aatrox,18.716666666666665,48,16,8,26,107000.0,329000.0,39,53,2.255612824570851,2.04784701185367,1.4250814332247557,0.34048038126127167,68.01096803647911,69.3550684203154,58.7642713230356,61.43469661618452,66.12452395264695,65.15007348806814,65.11120822403318,65.07729864149938,66.16986676068775,66.12452395264695,66.0849627730242,67.18966003330736,67.13783968126074,67.09262690454902
2026-09-27,M08,2026-09-27/M08_75BBD059E1670203CB12CE552A1101A7.png,4,丨云胡丨不喜丨#24728,nunu,https://aramkit.com/zh-CN/champions/nunu,16.116666666666667,58,6,12,30,13000.0,156000.0,9,44,0.3857126629931297,1.2803177839290805,0.8584919158677923,0.325978989749043,29.11477332657735,61.187877881381276,46.19293248133036,47.615165947375175,49.513006853347186,49.96364490428043,49.059028135431134,48.26514633605399,50.56839308367135,49.513006853347186,48.58681142074051,51.17314126306229,49.96698557126324,48.90847650542704
2026-09-27,M08,2026-09-27/M08_75BBD059E1670203CB12CE552A1101A7.png,4,划水打野#51907,kaisa,https://aramkit.com/zh-CN/champions/kaisa,16.116666666666667,58,17,8,23,41000.0,25000.0,30,7,1.0204103948125582,0.6501633878602038,1.0809642200843153,0.6462662741007117,54.3030631033917,34.010334484588746,51.94535348813049,53.33522755762064,48.70998187366776,48.55271389253538,49.192033162440865,49.68500067971371,47.964109392111354,48.70998187366776,49.28511064381941,47.37550489168733,48.22793058489465,48.885220607925106
2026-09-27,M08,2026-09-27/M08_75BBD059E1670203CB12CE552A1101A7.png,4,Premieresape丶Li#45121,khazix,https://aramkit.com/zh-CN/champions/khazix,16.116666666666667,58,15,10,19,36000.0,54000.0,26,15,0.9023843821811065,0.8643936866142343,0.9531819456125595,0.527529639799768,51.06932823410813,44.96081295831538,48.80149275154298,52.64017419706043,48.752581045040635,48.61015729625191,48.81440673804837,48.97967036104997,48.514290029611445,48.752581045040635,48.945388605209175,48.41842276297098,48.690755352032916,48.91110684936838
2026-09-27,M08,2026-09-27/M08_75BBD059E1670203CB12CE552A1101A7.png,4,东冬咚胨#49567,mordekaiser,https://aramkit.com/zh-CN/champions/mordekaiser,16.116666666666667,58,12,12,21,25000.0,91000.0,18,26,0.5545148819552453,0.606989266225421,0.8960086885691013,0.3446005853586187,40.35011811712958,45.27179411770935,47.25762566232278,47.907445158251235,44.74531682916455,45.25676269004627,45.11350122670042,44.988713729122395,44.91245520306805,44.74531682916455,44.59973141532352,44.56814771608982,44.37713243162868,44.21074910152465
2026-09-27,M09,2026-09-27/M09_0F15D07DC0774B789A83C239D55230D4.png,4,丨云胡丨不喜丨#24728,malzahar,https://aramkit.com/zh-CN/champions/malzahar,18.216666666666665,68,5,13,25,20000.0,53000.0,10,10,0.5397184069568205,1.0966166273414553,0.6936736958934517,0.5727512602014202,34.365168941126626,44.71579819717398,40.95674967234601,44.336773786451516,39.776250885940975,40.33644573518886,39.99317962848606,39.72047331748149,40.176728010427574,39.776250885940975,39.45809352310231,40.01701028566629,39.55932214339589,39.19571372872314
2026-09-27,M09,2026-09-27/M09_0F15D07DC0774B789A83C239D55230D4.png,4,划水打野#51907,twitch,https://aramkit.com/zh-CN/champions/twitch,18.216666666666665,68,13,13,29,35000.0,46000.0,18,9,0.7393921491022735,0.9797760243260946,0.9273979862215158,0.6380497839789238,44.45255939770105,42.10733456330927,48.116579598570254,49.585119927414276,45.10442124604795,45.48120835852141,45.555708729677484,45.61334690644231,45.01750414636586,45.10442124604795,45.17166578560691,44.55379993421032,44.65313376241842,44.72998466477152
2026-09-27,M09,2026-09-27/M09_0F15D07DC0774B789A83C239D55230D4.png,4,Premieresape丶Li#45121,zed,https://aramkit.com/zh-CN/champions/zed,18.216666666666665,68,22,14,21,66000.0,77000.0,33,15,1.3308763191580375,1.1529590606675135,0.9803921568627451,0.5648945941832698,59.16426882138211,49.27423618478034,49.5049504950495,48.40144913891998,53.14387852314685,52.27941048073047,52.60826735690253,52.87035945668375,52.760212167612785,53.14387852314685,53.44965263955828,53.24101385449511,53.67948968939119,54.028945822432824
2026-09-27,M09,2026-09-27/M09_0F15D07DC0774B789A83C239D55230D4.png,4,东冬咚胨#49567,yasuo,https://aramkit.com/zh-CN/champions/yasuo,18.216666666666665,68,14,9,27,43000.0,169000.0,21,32,0.9527152841307381,1.416384087305781,0.9868104361220756,0.39808640711262877,49.761359252510836,59.78489499446562,49.6680719096768,60.357041165862796,55.02558166359171,54.72606750907696,54.41292268812081,54.145964121803395,55.390917288040555,55.02558166359171,54.71413000288806,56.05576706700415,55.638240639062616,55.28229588397272
2026-09-27,M10,2026-09-27/M10_D40857DCC36FBB5B8D7715B129A1AD08.png,5,丨云胡丨不喜丨#24728,trundle,https://aramkit.com/zh-CN/champions/trundle,14.25,53,6,6,34,17000.0,82000.0,9,21,0.5898334755772129,0.8172045749409377,1.0511378567299103,0.3343113563943839,34.67399146905628,47.47005837476908,51.24657288543829,57.9739625711961,46.281242357912134,47.452894295591314,47.08668085735527,46.76636999326116,46.70849136918751,46.281242357912134,45.907546349802345,45.96408844278372,45.475803858469,45.048722706343526
2026-09-27,M10,2026-09-27/M10_D40857DCC36FBB5B8D7715B129A1AD08.png,5,划水打野#51907,lillia,https://aramkit.com/zh-CN/champions/lillia,14.25,53,11,7,27,44000.0,45000.0,24,12,1.0498808191681586,0.7777162289567231,1.0781671159029649,0.5587681920676782,52.54818746585259,41.248831493645184,51.88067444876783,54.27233229593566,49.097154660582376,49.15260989380376,49.5289668852827,49.82966095705191,48.65807150385696,49.097154660582376,49.44796441097979,48.16353311391014,48.66534243588206,49.06626786490767
2026-09-27,M10,2026-09-27/M10_D40857DCC36FBB5B8D7715B129A1AD08.png,5,Premieresape丶Li#45121,sett,https://aramkit.com/zh-CN/champions/sett,14.25,53,6,8,25,34000.0,122000.0,19,31,0.791911914180383,0.9210074275950023,0.9572924065095884,0.36171340612071423,46.00339073328648,53.08011382471868,48.909013457867246,55.259043052225586,50.67196474459655,50.72218119103791,50.51082926926891,50.3279939121585,50.91854198666038,50.67196474459655,50.45865682796774,51.11490278228285,50.83310021992419,50.589319743776976
2026-09-27,M10,2026-09-27/M10_D40857DCC36FBB5B8D7715B129A1AD08.png,5,Let325544#73173,yasuo,https://aramkit.com/zh-CN/champions/yasuo,14.25,53,13,11,22,43000.0,111000.0,24,28,1.2179155620525106,1.1892450716232343,1.0808140073495351,0.39808640711262877,54.765754292728765,55.92662552445724,51.941884451567894,49.35287485907554,54.14881330290976,53.83281862636997,53.796551901396754,53.76563421649199,54.1911244820452,54.14881330290976,54.11274267052087,54.54943033772042,54.50107470442279,54.45985112454977
2026-09-27,M10,2026-09-27/M10_D40857DCC36FBB5B8D7715B129A1AD08.png,5,东冬咚胨#49567,jayce,https://aramkit.com/zh-CN/champions/jayce,14.25,53,17,10,25,45000.0,33000.0,25,8,1.2062303608065044,0.7931048803205921,1.1006289308176103,0.6105351918111616,55.02651271432363,37.96705969074575,52.39520958083833,48.76627402355859,49.22338859880609,49.0701867304,49.62466394542098,50.058465381303506,48.57649851461495,49.22338859880609,49.729490274002366,48.08281029882988,48.82211325219119,49.400515166701226
2026-09-27,M11,2026-09-27/M11_3147B5F5FAF347B59B2835E506608F27.png,5,丨云胡丨不喜丨#24728,sion,https://aramkit.com/zh-CN/champions/sion,20.55,38,10,20,13,61000.0,117000.0,11,15,1.1025431453537897,0.34499885568481176,0.8861832472836557,0.22193486350526084,45.656678581315,32.533153761770805,46.98288188912039,44.191285648456294,38.627709958582685,39.49685465657857,39.7814260023643,40.04180849691566,38.295710055166,38.627709958582685,38.931489535559265,37.094565453753425,37.47399391480107,37.821170574202874
2026-09-27,M11,2026-09-27/M11_3147B5F5FAF347B59B2835E506608F27.png,5,划水打野#51907,veigar,https://aramkit.com/zh-CN/champions/veigar,20.55,38,2,11,21,85000.0,73000.0,15,9,2.0457445739316644,1.279949513918063,0.9486883352582082,0.5601961186157166,57.44324066367625,46.09742090585044,48.683430700194734,50.56461943677573,51.5104616514051,50.75570853406559,51.13347421175478,51.435119241224676,51.069735027434376,51.5104616514051,51.86238085245331,51.38376152080317,51.88744909105543,52.28964246368196
2026-09-27,M11,2026-09-27/M11_3147B5F5FAF347B59B2835E506608F27.png,5,Premieresape丶Li#45121,shen,https://aramkit.com/zh-CN/champions/shen,20.55,38,9,11,19,79000.0,269000.0,14,34,1.6720616186815946,1.1191213113196978,0.9917121201388397,0.2557703544084415,54.01601623721115,56.8715630817698,49.79194081872177,53.68643069142796,54.62587043020214,54.05968818489829,53.990944626743605,53.92889183437467,54.70607124804928,54.62587043020214,54.553475505771715,55.35245431120027,55.26079623366068,55.17805917716877
2026-09-27,M11,2026-09-27/M11_3147B5F5FAF347B59B2835E506608F27.png,5,Let325544#73173,masteryi,https://aramkit.com/zh-CN/champions/masteryi,20.55,38,9,19,10,131000.0,174000.0,23,22,2.374175412885987,1.837180591396058,0.794912559618442,0.5046077068516319,63.613226493818445,59.80462596563317,44.286979627989375,46.180415874821406,56.68397011421228,54.812947878841435,54.940020562563745,55.043795725753654,56.53571864986958,56.68397011421228,56.805041137933834,58.25848942089772,58.427919665860806,58.566286550114015
2026-09-27,M11,2026-09-27/M11_3147B5F5FAF347B59B2835E506608F27.png,5,东冬咚胨#49567,shyvana,https://aramkit.com/zh-CN/champions/shyvana,20.55,38,8,15,21,221000.0,169000.0,38,21,3.894276618104133,1.014928669472766,1.1633504492939668,0.3733859441757269,73.94767937179247,50.71007581546125,53.775404242693966,46.232675259806605,56.9490176263257,55.68281260965683,56.387891014622774,56.99498041649415,56.126426153865424,56.9490176263257,57.657288595175636,56.570039698074034,57.51014423802863,58.31959677385712
